,id,gold standard passage,top_1,top_3,top_5
0,0,[31715818],10608397,10608397;42421723;10607877,10608397;42421723;10607877;21257564;35008773
1,2,[13734012],13734012,13734012;17333231;13770184,13734012;17333231;13770184;42240424;3716075
2,4,[22942787],7165938,7165938;1387104;520579,7165938;1387104;520579;10958594;52188256
3,6,[2613775],23117378,23117378;2613775;21050357,23117378;2613775;21050357;20240998;35521287
4,9,[44265107],44265107,44265107;24700152;14647747,44265107;24700152;14647747;26105746;25182647
5,10,[32587939],25510546,25510546;13780287;16712164,25510546;13780287;16712164;29459383;4399311
6,11,[32587939],25510546,25510546;13780287;16712164,25510546;13780287;16712164;29459383;4399311
7,12,[33409100],11705328,11705328;43557480;33409100,11705328;43557480;33409100;21636085;23377475
8,14,[641786],1373287,1373287;6421792;393001,1373287;6421792;393001;22712546;14663842
9,15,[22080671],24766509,24766509;8891333;87430549,24766509;8891333;87430549;25985964;18953920
10,17,[1606628],7662395,7662395;17450673;5487448,7662395;17450673;5487448;30786800;16322674
11,18,[22942787],7165938,7165938;1387104;520579,7165938;1387104;520579;10958594;43334921
12,19,[3202143],36178047,36178047;13072113;21232018,36178047;13072113;21232018;16627684;9539753
13,20,[3202143],36178047,36178047;13072113;21232018,36178047;13072113;21232018;16627684;9539753
14,21,[41493639],41493639,41493639;26611094;13843341,41493639;26611094;13843341;19464037;14021596
15,22,[6490571],25451374,25451374;6490571;73473433,25451374;6490571;73473433;21274919;14319754
16,24,[3471191],1900152,1900152;7975937;15128866,1900152;7975937;15128866;52180874;4468861
17,25,[2613775],23117378,23117378;2613775;21050357,23117378;2613775;21050357;20240998;35521287
18,26,[32390525],3613041,3613041;38410121;4336849,3613041;38410121;4336849;22517564;29634262
19,27,[32390525],3613041,3613041;38410121;4336849,3613041;38410121;4336849;22517564;29634262
20,28,[12670680],28015516,28015516;28149602;14938990,28015516;28149602;14938990;5448119;12670680
21,30,[24341590],13069283,13069283;313403;12438901,13069283;313403;12438901;17163294;2140497
22,32,[12428497],12428497,12428497;2264455;33723822,12428497;2264455;33723822;8883846;9161988
23,34,[11705328],8595678,8595678;37424881;42441846,8595678;37424881;42441846;11705328;16252863
24,35,"[5152028, 11705328]",42441846,42441846;33409100;23267371,42441846;33409100;23267371;16252863;11705328
25,37,"[5152028, 11705328]",12810152,12810152;4416964;16252863,12810152;4416964;16252863;33409100;23267371
26,39,[13497630],34198460,34198460;13497630;11109043,34198460;13497630;11109043;9997636;4423220
27,40,[13497630],34198460,34198460;13497630;11109043,34198460;13497630;11109043;9997636;4423220
28,41,[18174210],40913091,40913091;18174210;45218443,40913091;18174210;45218443;10128893;2485101
29,43,[7224723],7224723,7224723;5398179;35987381,7224723;5398179;35987381;25134146;26124606
30,44,[56893404],2138843,2138843;56893404;24704139,2138843;56893404;24704139;17656445;120626
31,45,[56893404],56893404,56893404;17656445;17324544,56893404;17656445;17324544;2138843;25599283
32,46,[380526],380526,380526;43329366;17625068,380526;43329366;17625068;4632921;13831558
33,47,"[3512154, 26996935]",26996935,26996935;3512154;11336632,26996935;3512154;11336632;41329906;28707489
34,52,[45638119],2140497,2140497;313403;4886637,2140497;313403;4886637;25973484;32534305
35,55,[49556906],3419709,3419709;9899292;26025820,3419709;9899292;26025820;49556906;3973445
36,58,[4709641],4709641,4709641;22185730;22116439,4709641;22185730;22116439;33986200;11659421
37,60,"[13899137, 13901073]",374902,374902;5735492;25134146,374902;5735492;25134146;13899137;22227889
38,61,"[13899137, 13901073]",374902,374902;13899137;5735492,374902;13899137;5735492;25134146;13914633
39,62,[32587939],25510546,25510546;13780287;29459383,25510546;13780287;29459383;4399311;5687200
40,63,[40349336],21295300,21295300;38131471;5572127,21295300;38131471;5572127;12909503;30122260
41,64,[40349336],21295300,21295300;38131471;5572127,21295300;38131471;5572127;12909503;30122260
42,66,[14806256],39443128,39443128;10326242;8925851,39443128;10326242;8925851;20399078;40913091
43,67,[21295300],21295300,21295300;29422484;38131471,21295300;29422484;38131471;5572127;43880096
44,68,[21295300],21295300,21295300;29422484;28697248,21295300;29422484;28697248;29429111;13907427
45,69,"[5956380, 4414547]",5956380,5956380;9669099;9169645,5956380;9669099;9169645;4414547;4389394
46,71,[1127562],1127562,1127562;4373445;18231257,1127562;4373445;18231257;16267205;8290953
47,73,[6076903],1031534,1031534;6076903;17119869,1031534;6076903;17119869;15953181;4067274
48,74,[4387784],13965483,13965483;25657127;36233757,13965483;25657127;36233757;37768883;39550665
49,76,[5531479],5531479,5531479;3495456;52925737,5531479;3495456;52925737;9878167;28015516
50,77,[5531479],5531479,5531479;3495456;52925737,5531479;3495456;52925737;9878167;4350400
51,78,[5099266],5099266,5099266;4407455;38043606,5099266;4407455;38043606;13583521;4345315
52,79,[5099266],5099266,5099266;4407455;4345315,5099266;4407455;4345315;13583521;6000423
53,80,[4920376],17462437,17462437;3210545;4320424,17462437;3210545;4320424;36310858;7317051
54,81,[1797622],16964262,16964262;38919140;18038250,16964262;38919140;18038250;16939583;36651210
55,82,[3619372],21387297,21387297;3619372;1905095,21387297;3619372;1905095;4427392;20033112
56,85,"[7521113, 22406695]",12827098,12827098;3155731;4928057,12827098;3155731;4928057;7521113;12966719
57,86,"[7521113, 22406695]",12827098,12827098;3155731;4928057,12827098;3155731;4928057;7521113;12966719
58,88,"[7521113, 22406695]",12827098,12827098;3155731;13116880,12827098;3155731;13116880;16627684;25300426
59,89,"[7521113, 22406695]",24594624,24594624;25068298;4254064,24594624;25068298;4254064;12827098;3155731
60,90,[22406695],24594624,24594624;25068298;4254064,24594624;25068298;4254064;12827098;3155731
61,91,[1084345],6580081,6580081;13000926;6153754,6580081;13000926;6153754;27076725;43700577
62,92,[1084345],6580081,6580081;13000926;6153754,6580081;13000926;6153754;27076725;13823200
63,93,[2692522],4399311,4399311;15435343;34469966,4399311;15435343;34469966;32533299;6000423
64,95,[1215116],15879544,15879544;13966946;7433668,15879544;13966946;7433668;11936877;196664003
65,96,[14500725],14500725,14500725;3662510;409280,14500725;3662510;409280;72180760;6085365
66,98,[6540064],6540064,6540064;37205759;1122198,6540064;37205759;1122198;30351165;18852643
67,104,[40164383],32159283,32159283;34873974;40164383,32159283;34873974;40164383;44384384;20526907
68,105,[36606083],36606083,36606083;164189;25787749,36606083;164189;25787749;8227227;14591894
69,106,"[25515907, 5151024]",25515907,25515907;5151024;54490092,25515907;5151024;54490092;4506414;11071351
70,108,"[6191684, 22995579, 23865182]",22995579,22995579;6191684;23865182,22995579;6191684;23865182;24510595;14606752
71,109,[4319174],29381091,29381091;4319174;14865329,29381091;4319174;14865329;43192375;970012
72,111,[13513790],7581911,7581911;13513790;23418635,7581911;13513790;23418635;13777138;36651210
73,112,[6157837],1759213,1759213;26199970;14584755,1759213;26199970;14584755;6157837;356218
74,114,[33872649],33872649,33872649;21789744;2140513,33872649;21789744;2140513;4942718;15194125
75,116,[33872649],33872649,33872649;2140513;4942718,33872649;2140513;4942718;3095620;15953181
76,119,[14606752],5691302,5691302;14566771;15984735,5691302;14566771;15984735;38369817;39390206
77,120,[14606752],5691302,5691302;14566771;15984735,5691302;14566771;15984735;39390206;38369817
78,121,[31460499],20132778,20132778;12801438;43165768,20132778;12801438;43165768;24157077;31460499
79,122,[31460499],20132778,20132778;12801438;43165768,20132778;12801438;43165768;24157077;31460499
80,123,[4883040],4883040,4883040;31363207;24241932,4883040;31363207;24241932;7111021;21878751
81,126,[24512064],27063470,27063470;5867846;23985464,27063470;5867846;23985464;42291761;20996244
82,134,[4695046],20188586,20188586;35087728;39059143,20188586;35087728;39059143;14395738;17779800
83,138,[26016929],26016929,26016929;21636085;21274919,26016929;21636085;21274919;10536636;20606520
84,139,[22080671],24640046,24640046;3847200;6807122,24640046;3847200;6807122;15678772;37912677
85,144,[10582939],10582939,10582939;24766509;25985964,10582939;24766509;25985964;8891333;40164383
86,149,[6227220],6227220,6227220;120626;10463997,6227220;120626;10463997;24872571;31001322
87,152,[15488881],15488881,15488881;21456232;15058155,15488881;21456232;15058155;38587347;36642096
88,153,[4702639],9929089,9929089;4702639;2272614,9929089;4702639;2272614;25895285;16494316
89,154,[4702639],9929089,9929089;4702639;2272614,9929089;4702639;2272614;25895285;16494316
90,155,[37549932],34439544,34439544;16550075;4323425,34439544;16550075;4323425;8496132;22890091
91,156,[37549932],34439544,34439544;16550075;4323425,34439544;16550075;4323425;8496132;22890091
92,157,[13439128],13771184,13771184;2904102;13439128,13771184;2904102;13439128;39637840;16217855
93,159,[9394119],9394119,9394119;3285322;2015126,9394119;3285322;2015126;22975806;17088791
94,160,[52874170],52874170,52874170;23816832;27866735,52874170;23816832;27866735;3078080;5260382
95,161,[6903077],6903077,6903077;20187433;28931537,6903077;20187433;28931537;18358026;13868795
96,164,[5824985],5824985,5824985;29022271;18872233,5824985;29022271;18872233;7165938;43220289
97,165,[5824985],5824985,5824985;29022271;25973484,5824985;29022271;25973484;18872233;43220289
98,166,[18872233],18872233,18872233;5824985;29022271,18872233;5824985;29022271;43220289;73473433
99,167,[18872233],18872233,18872233;5824985;29022271,18872233;5824985;29022271;43220289;73473433
100,168,[5824985],5824985,5824985;29022271;18872233,5824985;29022271;18872233;43220289;7165938
101,169,[5824985],5824985,5824985;29022271;25973484,5824985;29022271;25973484;18872233;43220289
102,172,[12670680],12670680,12670680;28015516;28149602,12670680;28015516;28149602;14938990;5448119
103,173,[8126244],8411251,8411251;20524091;29877890,8411251;20524091;29877890;20781656;13907427
104,174,[1710116],79336156,79336156;6985854;10624000,79336156;6985854;10624000;25597580;11615242
105,175,[1710116],79336156,79336156;6985854;10624000,79336156;6985854;10624000;25597580;4340358
106,176,[32587939],25510546,25510546;13780287;29459383,25510546;13780287;29459383;4399311;5687200
107,177,[9669099],9669099,9669099;42489926;43880096,9669099;42489926;43880096;4389394;7225911
108,178,"[16322674, 27123743, 23557241, 17450673]",17450673,17450673;16322674;2140497,17450673;16322674;2140497;37480103;5487448
109,181,[16966326],16966326,16966326;9217800;6492658,16966326;9217800;6492658;14434123;13380011
110,182,[11369420],19510470,19510470;10795340;13205096,19510470;10795340;13205096;4387494;8385277
111,184,[12827098],46193388,46193388;23032247;10078024,46193388;23032247;10078024;44562221;7583161
112,186,[16855829],17374970,17374970;16855829;12789595,17374970;16855829;12789595;84580585;2867345
113,187,[16855829],17374970,17374970;16855829;12789595,17374970;16855829;12789595;84580585;2867345
114,189,[4421578],5560962,5560962;4373433;3566945,5560962;4373433;3566945;23915841;4421578
115,196,[19313533],19313533,19313533;3973445;9899292,19313533;3973445;9899292;3419709;26025820
116,197,[2177022],2177022,2177022;6123924;40590358,2177022;6123924;40590358;12265561;20690388
117,199,[2177022],2177022,2177022;13778710;37444589,2177022;13778710;37444589;20186814;23634484
118,200,[18231807],13868795,13868795;35651106;8038329,13868795;35651106;8038329;28006126;18231807
119,201,[2462673],2462673,2462673;13868795;35651106,2462673;13868795;35651106;28006126;8038329
120,203,[9558539],9558539,9558539;87430549;8891333,9558539;87430549;8891333;6082738;21676556
121,204,[7898952],470625,470625;7898952;3583084,470625;7898952;3583084;4414547;980008
122,205,"[7898952, 470625]",470625,470625;7898952;4414547,470625;7898952;4414547;3583084;980008
123,209,[32587939],25510546,25510546;13780287;29459383,25510546;13780287;29459383;4399311;5687200
124,210,[13794374],13794374,13794374;14019636;6290112,13794374;14019636;6290112;3858268;33569870
125,211,[13794374],14019636,14019636;44737533;6290112,14019636;44737533;6290112;20261352;5137019
126,214,[13625993],27054878,27054878;13625993;750781,27054878;13625993;750781;35271381;20887554
127,220,[19205437],19205437,19205437;37964706;25050364,19205437;37964706;25050364;1590744;15535511
128,221,[19205437],19205437,19205437;37964706;36838958,19205437;37964706;36838958;30303335;7869794
129,222,[19205437],19205437,19205437;37964706;36838958,19205437;37964706;36838958;29691654;30303335
130,223,[2014909],2014909,2014909;42465769;5836,2014909;42465769;5836;27647593;2030623
131,224,[6944800],952111,952111;32742683;10812605,952111;32742683;10812605;24349992;9648896
132,225,[6944800],952111,952111;3727986;9648896,952111;3727986;9648896;32742683;24349992
133,226,[6944800],952111,952111;3727986;9648896,952111;3727986;9648896;32742683;24349992
134,227,[26973393],26973393,26973393;22980205;22401720,26973393;22980205;22401720;5406411;34066665
135,228,[4928057],12827098,12827098;4928057;3155731,12827098;4928057;3155731;4460880;7521113
136,229,[56893404],17656445,17656445;56893404;17324544,17656445;56893404;17324544;25599283;2138843
137,235,[4388470],4388470,4388470;86129154;6913227,4388470;86129154;6913227;28390999;37822406
138,241,"[2212067, 10608822]",14240343,14240343;8816869;19979816,14240343;8816869;19979816;27247460;11557602
139,242,"[2212067, 10608822]",8816869,8816869;19979816;27247460,8816869;19979816;27247460;14240343;11557602
140,243,[8148122],8759633,8759633;8148122;36651210,8759633;8148122;36651210;24766509;22428640
141,244,[21498497],21498497,21498497;32927401;23273454,21498497;32927401;23273454;188911;14644164
142,245,"[8447873, 3430789]",22547508,22547508;19132741;12209494,22547508;19132741;12209494;33203108;25104843
143,246,"[8447873, 3430789]",22547508,22547508;19132741;12209494,22547508;19132741;12209494;33203108;25104843
144,247,[13578199],10669582,10669582;44420873;10474873,10669582;44420873;10474873;13578199;18895793
145,250,[1568684],1568684,1568684;29381091;4854076,1568684;29381091;4854076;14865329;4319174
146,251,[1568684],1568684,1568684;29381091;14865329,1568684;29381091;14865329;4854076;52865789
147,253,[37424881],42441846,42441846;8595678;37424881,42441846;8595678;37424881;10557471;19278208
148,254,[37424881],42441846,42441846;8595678;37424881,42441846;8595678;37424881;10557471;19278208
149,255,[5850219],5850219,5850219;3413083;75636923,5850219;3413083;75636923;6876224;829646
150,256,[5850219],5850219,5850219;3413083;75636923,5850219;3413083;75636923;829646;6876224
151,258,[22080671],29509926,29509926;25315295;25148216,29509926;25315295;25148216;30908508;6144969
152,259,[8883846],35987381,35987381;20261352;44562058,35987381;20261352;44562058;22227889;2824347
153,262,[14610165],14050257,14050257;18924534;5519177,14050257;18924534;5519177;9655347;16806763
154,263,"[11328820, 30041340, 14853989]",29399239,29399239;30041340;11328820,29399239;30041340;11328820;9878167;36089763
155,264,[11328820],11328820,11328820;29399239;30041340,11328820;29399239;30041340;9878167;36089763
156,265,[2033917],2033917,2033917;4391685;11674596,2033917;4391685;11674596;14205246;1684489
157,266,[22405338],7878807,7878807;22405338;7492420,7878807;22405338;7492420;18374364;11968641
158,267,"[5912283, 31554917]",5912283,5912283;24865781;7627167,5912283;24865781;7627167;50670403;24346598
159,272,[11614737],11614737,11614737;5114940;24019260,11614737;5114940;24019260;5551138;34369306
160,277,[14376683],14376683,14376683;83667891;37677954,14376683;83667891;37677954;8979167;35711485
161,278,[14376683],14376683,14376683;83667891;37677954,14376683;83667891;37677954;46193478;4067274
162,280,[25001628],25001628,25001628;5238341;44387884,25001628;5238341;44387884;2931832;15981174
163,281,[4632921],11674288,11674288;6544701;4457834,11674288;6544701;4457834;4632921;25821556
164,283,[1974176],1974176,1974176;9822397;32534305,1974176;9822397;32534305;25571386;10071552
165,285,[5548081],5548081,5548081;21216726;1805641,5548081;21216726;1805641;8133050;21859699
166,286,[4709641],4709641,4709641;432261;47018050,4709641;432261;47018050;4405194;7029990
167,287,[4709641],4709641,4709641;432261;4405194,4709641;432261;4405194;47018050;7029990
168,290,[15048300],15048300,15048300;70439309;15670968,15048300;70439309;15670968;5151024;25049067
169,292,[15048300],70439309,70439309;15048300;15670968,70439309;15048300;15670968;11117498;39984099
170,293,[10874408],10086360,10086360;21170174;32638085,10086360;21170174;32638085;10874408;13613916
171,296,[4398832],45875990,45875990;4398832;6472746,45875990;4398832;6472746;23356816;7622767
172,299,[39381118],39381118,39381118;23403754;10698739,39381118;23403754;10698739;797114;23887844
173,301,[3553087],16120395,16120395;15551129;3553087,16120395;15551129;3553087;4421742;7968532
174,304,[14797520],14797520,14797520;12149169;9379687,14797520;12149169;9379687;32275758;1695604
175,305,[14797520],14797520,14797520;1354567;12149169,14797520;1354567;12149169;9379687;32275758
176,306,[7821634],7821634,7821634;15248287;5503194,7821634;15248287;5503194;30580263;23403754
177,308,[7821634],7821634,7821634;28651643;4920376,7821634;28651643;4920376;9225850;24554740
178,309,[7821634],7821634,7821634;30580263;23403754,7821634;30580263;23403754;37444589;41646286
179,310,[6173523],15966318,15966318;14464451;13914198,15966318;14464451;13914198;32770503;21387297
180,313,[6173523],15966318,15966318;14464451;13914198,15966318;14464451;13914198;32770503;21387297
181,315,[3701541],26735905,26735905;10463997;25576204,26735905;10463997;25576204;15728433;3701541
182,316,[712078],20732789,20732789;9159125;24828165,20732789;9159125;24828165;2443495;6945691
183,317,[4506414],4506414,4506414;30058568;202259,4506414;30058568;202259;30639847;19854543
184,323,[2014909],23816832,23816832;4658268;36345185,23816832;4658268;36345185;22174015;5260382
185,325,[40349336],21295300,21295300;5572127;43192375,21295300;5572127;43192375;10145528;14178995
186,326,[40349336],21295300,21295300;5572127;43192375,21295300;5572127;43192375;10145528;14178995
187,330,[9505448],9505448,9505448;18276599;26019505,9505448;18276599;26019505;46153874;11048759
188,331,[9505448],18276599,18276599;26019505;46153874,18276599;26019505;46153874;11048759;19603353
189,332,[29023309],29023309,29023309;8300657;11233339,29023309;8300657;11233339;21274496;44737533
190,333,[29023309],29023309,29023309;8300657;11233339,29023309;8300657;11233339;21274496;44737533
191,334,[25079962],25079962,25079962;24338780;2533768,25079962;24338780;2533768;21297708;20381484
192,335,[1780819],1780819,1780819;25263942;6121668,1780819;25263942;6121668;23577867;16346504
193,336,[2097256],18816720,18816720;8665891;3716075,18816720;8665891;3716075;17454301;2097256
194,337,[2097256],18816720,18816720;8665891;3716075,18816720;8665891;3716075;17454301;2097256
195,339,[23349986],23349986,23349986;24211561;14973286,23349986;24211561;14973286;23783727;20130904
196,340,[7098463],7098463,7098463;2205779;5824985,7098463;2205779;5824985;3190689;154243324
197,341,[7098463],7098463,7098463;2205779;5824985,7098463;2205779;5824985;3190689;154243324
198,342,"[7873737, 5884524]",19308127,19308127;308862;23783727,19308127;308862;23783727;7873737;5884524
199,345,[4394817],7688110,7688110;9641846;8300657,7688110;9641846;8300657;502591;41710132
200,346,[11902109],11902109,11902109;37699461;6493422,11902109;37699461;6493422;16389141;17708753
201,347,[11902109],11902109,11902109;16389141;6493422,11902109;16389141;6493422;37699461;14386505
202,349,[13497630],34198460,34198460;13497630;11109043,34198460;13497630;11109043;9997636;4423220
203,351,[14658685],39048693,39048693;22428640;15981174,39048693;22428640;15981174;17539488;8712839
204,352,[14658685],28193026,28193026;39048693;9142761,28193026;39048693;9142761;15981174;29334259
205,355,"[12800122, 38380061]",13936152,13936152;38380061;9646449,13936152;38380061;9646449;12800122;15816729
206,356,[6144337],2506153,2506153;6144337;21439293,2506153;6144337;21439293;17023584;41120293
207,357,[18111172],18111172,18111172;27635177;12207340,18111172;27635177;12207340;20821402;1941721
208,358,[18111172],18111172,18111172;27635177;12207340,18111172;27635177;12207340;20821402;1941721
209,361,[38587347],38587347,38587347;15727984;43619625,38587347;15727984;43619625;13469921;18041692
210,363,[5386514],27567994,27567994;20610557;35987381,27567994;20610557;35987381;18834078;2389574
211,364,[1550937],2601324,2601324;1550937;17814815,2601324;1550937;17814815;14893428;25789730
212,365,[600437],600437,600437;27240667;24249915,600437;27240667;24249915;20904154;31851367
213,366,[13956305],13956305,13956305;1265945;97884,13956305;1265945;97884;1967017;24825841
214,367,[27099731],27099731,27099731;25612629;14021596,27099731;25612629;14021596;14831629;25691541
215,368,[27099731],27099731,27099731;25612629;14021596,27099731;25612629;14021596;14831629;25691541
216,369,[6826100],6826100,6826100;4423327;20179918,6826100;4423327;20179918;9675944;86129154
217,370,[1550937],1550937,1550937;7399084;11666252,1550937;7399084;11666252;5254463;1848452
218,371,[1550937],1550937,1550937;7399084;11666252,1550937;7399084;11666252;5254463;1848452
219,372,[24922825],24922825,24922825;23915841;4373433,24922825;23915841;4373433;8883846;9539248
220,375,[1522647],20459964,20459964;1049501;1522647,20459964;1049501;1522647;797114;17368516
221,376,[22401061],17433284,17433284;5710820;37248570,17433284;5710820;37248570;14337960;27580223
222,377,[18810195],18810195,18810195;14180565;56391045,18810195;14180565;56391045;12225214;21754541
223,378,"[45154987, 10534299, 11886686, 25007443, 17150648]",2039912,2039912;17150648;2225918,2039912;17150648;2225918;16398827;306311
224,379,[19005293],19005293,19005293;2248870;17223891,19005293;2248870;17223891;28712203;35395662
225,381,[18340282],2140497,2140497;21874312;5864770,2140497;21874312;5864770;4886637;32534305
226,382,[11659421],17412260,17412260;35543846;13814480,17412260;35543846;13814480;15521377;41710132
227,383,[13770184],51972698,51972698;3462075;40666943,51972698;3462075;40666943;581832;13934676
228,389,[1148122],24019260,24019260;1148122;21602220,24019260;1148122;21602220;5107861;28025754
229,390,[1148122],24019260,24019260;1148122;21602220,24019260;1148122;21602220;5107861;28025754
230,391,[1148122],24019260,24019260;1148122;21602220,24019260;1148122;21602220;5107861;28025754
231,392,[1148122],24019260,24019260;1148122;21602220,24019260;1148122;21602220;28025754;1887056
232,393,[1148122],24019260,24019260;1148122;21602220,24019260;1148122;21602220;28025754;1887056
233,394,[11360768],70455704,70455704;11360768;45153864,70455704;11360768;45153864;28845338;9822397
234,396,[1456068],21009874,21009874;1456068;154796494,21009874;1456068;154796494;24918110;3524352
235,397,[1456068],21009874,21009874;1456068;154796494,21009874;1456068;154796494;24918110;3524352
236,398,[8883846],5752492,5752492;26124606;35987381,5752492;26124606;35987381;23531592;20261352
237,400,[791050],791050,791050;471921;42387637,791050;471921;42387637;32357890;21003930
238,401,[5633876],57783564,57783564;5633876;13242763,57783564;5633876;13242763;28071965;14492964
239,403,[1921218],20649327,20649327;29459383;6421792,20649327;29459383;6421792;27437459;21150010
240,404,[1921218],20649327,20649327;29459383;20132778,20649327;29459383;20132778;27437459;21150010
241,406,[6796297],22973574,22973574;7386360;43619625,22973574;7386360;43619625;38899659;2192419
242,407,[9889151],8411251,8411251;29877890;9451052,8411251;29877890;9451052;5966635;20781656
243,413,[6309659],4709641,4709641;6309659;13282296,4709641;6309659;13282296;20937018;14682243
244,414,[6309659],4709641,4709641;20937018;24530130,4709641;20937018;24530130;41264017;31347396
245,416,[6309659],4709641,4709641;6309659;20937018,4709641;6309659;20937018;34228604;18852643
246,417,[6309659],4709641,4709641;6309659;20937018,4709641;6309659;20937018;18852643;12206390
247,418,[16660256],16494316,16494316;25515662;22401720,16494316;25515662;22401720;35884026;1917068
248,420,[9315213],9315213,9315213;22401720;4583180,9315213;22401720;4583180;23397658;12869200
249,422,[11172205],17631671,17631671;32927475;41165286,17631671;32927475;41165286;4270992;25726838
250,423,[8595678],42441846,42441846;12810152;37424881,42441846;12810152;37424881;19278208;8595678
251,425,[33257464],1606628,1606628;33257464;23073816,1606628;33257464;23073816;27129115;17450673
252,426,[16728949],29429111,29429111;13798951;4405194,29429111;13798951;4405194;24177706;28937856
253,428,[16728949],13798951,13798951;4303075;29429111,13798951;4303075;29429111;4405194;16398049
254,429,[36540079],36540079,36540079;14464451;1006165,36540079;14464451;1006165;34846352;44562221
255,430,[28937856],19922508,19922508;24746892;10993232,19922508;24746892;10993232;2543135;22696649
256,432,[8002887],8002887,8002887;25576204;15728433,8002887;25576204;15728433;11903247;10463997
257,434,[9500590],21320417,21320417;991137;3155731,21320417;991137;3155731;37311371;20220731
258,435,[9500590],21320417,21320417;991137;3155731,21320417;991137;3155731;37311371;20220731
259,441,[2014909],2030623,2030623;25726838;2014909,2030623;25726838;2014909;5836;15435343
260,444,[10165258],25516011,25516011;7583161;34982259,25516011;7583161;34982259;10526279;23032247
261,445,[10165258],13116880,13116880;25516011;11360430,13116880;25516011;11360430;7583161;34982259
262,447,[2052720],2052720,2052720;22703082;2205779,2052720;22703082;2205779;24705390;39550665
263,448,[2052720],2052720,2052720;22703082;2205779,2052720;22703082;2205779;24705390;39550665
264,449,"[12209494, 3430789]",22547508,22547508;8447873;19132741,22547508;8447873;19132741;33203108;41294031
265,453,[4200695],4200695,4200695;42950029;44586415,4200695;42950029;44586415;38493521;7198295
266,454,[4200695],4200695,4200695;7198295;53779698,4200695;7198295;53779698;17097974;25301182
267,455,[12643937],4162857,4162857;29828242;10423989,4162857;29828242;10423989;13384318;20585600
268,456,[30507607],30507607,30507607;4405194;32324430,30507607;4405194;32324430;16237005;12315072
269,458,[597790],597790,597790;3680979;70455704,597790;3680979;70455704;6227220;45153864
270,461,[40096222],15578265,15578265;13714201;32454714,15578265;13714201;32454714;40096222;52805891
271,463,[19736671],21479575,21479575;13030852;26973393,21479575;13030852;26973393;23639838;22980205
272,466,[22544171],22544171,22544171;15692098;34747208,22544171;15692098;34747208;834336;14178995
273,469,[1410197],15889329,15889329;13780287;44572913,15889329;13780287;44572913;14924526;37592824
274,470,[12685434],12685434,12685434;7028976;13235609,12685434;7028976;13235609;195689757;18600579
275,472,"[7185591, 26330861, 4414481]",6277638,6277638;11527822;40996863,6277638;11527822;40996863;4463811;1754001
276,473,[4373433],7177329,7177329;25942757;17050065,7177329;25942757;17050065;40429879;1148122
277,474,[4373433],7177329,7177329;8354687;37182501,7177329;8354687;37182501;27910499;7223604
278,479,[6325527],6325527,6325527;23627419;32328114,6325527;23627419;32328114;18256197;14753395
279,480,[6325527],6325527,6325527;32328114;23627419,6325527;32328114;23627419;18256197;14753395
280,481,[14706752],368506,368506;14706752;14119470,368506;14706752;14119470;28195565;24881307
281,482,[10991183],10991183,10991183;8093935;33076846,10991183;8093935;33076846;10530014;24881307
282,483,[22703082],22703082,22703082;2052720;2205779,22703082;2052720;2205779;22049489;29190724
283,484,[14637235],29877890,29877890;12588500;20630805,29877890;12588500;20630805;20781656;19485243
284,485,[14637235],14637235,14637235;30041340;20781656,14637235;30041340;20781656;22522432;7137057
285,486,[14637235],29877890,29877890;20630805;12588500,29877890;20630805;12588500;20781656;19485243
286,487,[14637235],14637235,14637235;30041340;20781656,14637235;30041340;20781656;22522432;13639330
287,488,[1780819],1780819,1780819;25263942;6121668,1780819;25263942;6121668;23577867;16346504
288,489,[6625693],22495397,22495397;22561064;2603304,22495397;22561064;2603304;6625693;25606339
289,490,[56893404],56893404,56893404;24269361;9478135,56893404;24269361;9478135;41599676;17462437
290,492,[19583924],92499,92499;18374364;17271462,92499;18374364;17271462;19583924;13116880
291,493,[19583924],14550841,14550841;6718824;37699461,14550841;6718824;37699461;515489;25830701
292,494,[34873974],34054472,34054472;10128893;12232678,34054472;10128893;12232678;27910499;6387956
293,495,[17077004],22227889,22227889;374902;25134146,22227889;374902;25134146;5735492;2824347
294,498,[17077004],22227889,22227889;374902;25134146,22227889;374902;25134146;5735492;2824347
295,499,[26064662],26064662,26064662;2460304;23206239,26064662;2460304;23206239;4449524;30983338
296,500,[17930286],17930286,17930286;24510595;24285403,17930286;24510595;24285403;14606752;24055603
297,504,[10883736],38401028,38401028;10883736;21003930,38401028;10883736;21003930;21053753;39390206
298,505,[22703082],22703082,22703082;2099400;34436231,22703082;2099400;34436231;39550665;8654183
299,506,[7433668],21439293,21439293;14853989;40323148,21439293;14853989;40323148;2506153;17023584
300,509,[13980338],25516011,25516011;34982259;5107861,25516011;34982259;5107861;10526279;40234452
301,515,[29564505],29564505,29564505;20109325;18988265,29564505;20109325;18988265;2032877;21395936
302,523,[14803797],6793674,6793674;14803797;11939159,6793674;14803797;11939159;54490092;27665523
303,524,[14803797],6793674,6793674;14803797;54490092,6793674;14803797;54490092;11939159;27665523
304,526,[3863543],3863543,3863543;1617327;27665523,3863543;1617327;27665523;24185667;24349992
305,529,"[10546779, 25413327, 36651210]",3360421,3360421;36651210;19770974,3360421;36651210;19770974;4423327;10546779
306,530,"[10546779, 25413327, 36651210, 87610599]",36651210,36651210;3360421;4423327,36651210;3360421;4423327;19770974;10546779
307,531,"[10546779, 25413327, 36651210]",36651210,36651210;3360421;19770974,36651210;3360421;19770974;4423327;27588420
308,537,[16056514],2225918,2225918;16056514;7157436,2225918;16056514;7157436;17097974;43566999
309,541,"[45154987, 11886686, 25007443]",2039912,2039912;17150648;2225918,2039912;17150648;2225918;16398827;306311
310,542,[19688024],19688024,19688024;41337677;7968532,19688024;41337677;7968532;40044800;33063763
311,545,[24221369],1970884,1970884;6820680;32556431,1970884;6820680;32556431;44737533;5838067
312,547,[10648422],10648422,10648422;8639034;5800138,10648422;8639034;5800138;26068103;9334631
313,548,[18199839],5698494,5698494;11233339;17421851,5698494;11233339;17421851;7115651;4506414
314,550,[33499189],9283422,9283422;8903143;41982985,9283422;8903143;41982985;6961811;994800
315,553,[1471041],27772649,27772649;14340571;1471041,27772649;14340571;1471041;25571386;10675756
316,555,[1049501],35256900,35256900;25251625;14853989,35256900;25251625;14853989;8025177;1049501
317,557,[1049501],1049501,1049501;35256900;25251625,1049501;35256900;25251625;28249680;797114
318,559,[3475317],9977329,9977329;5377059;3672261,9977329;5377059;3672261;9767444;13952658
319,562,[20101846],20101846,20101846;5152028;14711483,20101846;5152028;14711483;6421734;56391045
320,563,[2867345],2867345,2867345;23495058;27466734,2867345;23495058;27466734;4506414;5698494
321,564,[2867345],2867345,2867345;23495058;15984735,2867345;23495058;15984735;27466734;5698494
322,565,[16120395],16120395,16120395;15551129;4421742,16120395;15551129;4421742;25937484;3553087
323,566,[16120395],16120395,16120395;15551129;4421742,16120395;15551129;4421742;3553087;25937484
324,568,[23418635],20524091,20524091;23418635;36651210,20524091;23418635;36651210;11360430;4423327
325,570,[20333864],20333864,20333864;22975806;15832146,20333864;22975806;15832146;2140497;24249915
326,571,[20333864],20333864,20333864;22975806;2140497,20333864;22975806;2140497;15832146;24249915
327,572,[4447055],72159,72159;24645237;16572581,72159;24645237;16572581;13231899;32556431
328,573,[10300888],10300888,10300888;13613916;4414481,10300888;13613916;4414481;9704467;46565968
329,574,[10300888],10300888,10300888;13613916;4414481,10300888;13613916;4414481;9704467;9548440
330,576,[4468861],4468861,4468861;35987381;24069089,4468861;35987381;24069089;1900152;14657344
331,579,[34139429],20945963,20945963;19675911;8509018,20945963;19675911;8509018;19185192;34139429
332,580,[23460562],23460562,23460562;1336292;17463549,23460562;1336292;17463549;4462419;6441369
333,582,[14260013],14260013,14260013;20864487;708425,14260013;20864487;708425;29023309;31560225
334,584,[14260013],14260013,14260013;20864487;43378932,14260013;20864487;43378932;708425;29023309
335,585,[42291761],21459247,21459247;42291761;2575938,21459247;42291761;2575938;8428935;6748318
336,588,[16999023],16999023,16999023;25516011;2296264,16999023;25516011;2296264;23124332;854417
337,590,[10984005],10984005,10984005;1831916;24625323,10984005;1831916;24625323;752423;40996863
338,591,[14682243],14682243,14682243;6309659;21274919,14682243;6309659;21274919;45457778;13282296
339,592,[14682243],14682243,14682243;6309659;21274919,14682243;6309659;21274919;45457778;13282296
340,594,[19675911],19675911,19675911;20945963;19185192,19675911;20945963;19185192;8509018;31889025
341,595,[4824840],4824840,4824840;5596332;11459139,4824840;5596332;11459139;17023584;3776162
342,600,[12258338],42404093,42404093;12258338;583260,42404093;12258338;583260;11254040;29845974
343,601,[12258338],42404093,42404093;12258338;583260,42404093;12258338;583260;11254040;29845974
344,602,[3701541],26735905,26735905;10463997;25576204,26735905;10463997;25576204;15728433;3701541
345,603,[6540064],6540064,6540064;7757997;9814332,6540064;7757997;9814332;5612738;2095573
346,606,[712078],20732789,20732789;9159125;24828165,20732789;9159125;24828165;2443495;6945691
347,607,[4506414],4506414,4506414;30058568;202259,4506414;30058568;202259;30639847;19854543
348,609,[40096222],21439293,21439293;10648422;5377059,21439293;10648422;5377059;2604063;15889329
349,610,[40096222],21439293,21439293;10648422;5377059,21439293;10648422;5377059;2604063;15889329
350,611,[32408470],4854076,4854076;18450716;39187170,4854076;18450716;39187170;9178310;52865789
351,612,[9638032],9638032,9638032;18988265;6669242,9638032;18988265;6669242;16056410;8646760
352,614,[9638032],9638032,9638032;28369117;7549811,9638032;28369117;7549811;23702805;36830715
353,615,[9638032],9638032,9638032;28369117;7549811,9638032;28369117;7549811;23702805;33911859
354,616,[18670],17911973,17911973;24896957;17877537,17911973;24896957;17877537;9478135;38899659
355,617,[18670],17911973,17911973;17877537;24896957,17911973;17877537;24896957;38899659;37156349
356,618,[6836086],24541180,24541180;1320137;5914739,24541180;1320137;5914739;8903143;22023404
357,620,[2565138],21258863,21258863;3619931;49556906,21258863;3619931;49556906;6673421;5500086
358,621,[1642727],1642727,1642727;13083189;10010651,1642727;13083189;10010651;6647414;26107000
359,622,[17000834],17000834,17000834;25599283;22843838,17000834;25599283;22843838;4462079;12009265
360,624,[20033112],20033112,20033112;87430549;1848452,20033112;87430549;1848452;8891333;86129154
361,625,[20033112],20033112,20033112;87430549;1848452,20033112;87430549;1848452;8891333;86129154
362,626,[16355392],16355392,16355392;22241778;10574949,16355392;22241778;10574949;28207326;21369472
363,631,[5468807],5468807,5468807;9211173;2727303,5468807;9211173;2727303;25726838;9767444
364,632,[5172048],5172048,5172048;9507605;10669582,5172048;9507605;10669582;28195565;16280642
365,633,[5172048],5172048,5172048;3701541;9507605,5172048;3701541;9507605;10669582;28195565
366,635,[1686997],1686997,1686997;9752604;1897324,1686997;9752604;1897324;3973445;31591262
367,638,[25649714],31019903,31019903;29845974;154243324,31019903;29845974;154243324;25649714;73473433
368,640,[6503185],40900567,40900567;6503185;2460304,40900567;6503185;2460304;7486516;1852826
369,642,[13619127],13619127,13619127;24921368;41298619,13619127;24921368;41298619;21369472;16389141
370,643,[15535511],2481032,2481032;16389141;21641088,2481032;16389141;21641088;10190462;17119869
371,645,[12810152],11705328,11705328;21636085;12810152,11705328;21636085;12810152;5152028;33409100
372,646,[12810152],11705328,11705328;21636085;12810152,11705328;21636085;12810152;5152028;33409100
373,647,[15041758],15041758,15041758;10374686;16204011,15041758;10374686;16204011;42095718;6334188
374,648,[15041758],15041758,15041758;10374686;16204011,15041758;10374686;16204011;44409062;42095718
375,650,[12789595],12789595,12789595;11253758;3202143,12789595;11253758;3202143;24159217;16284655
376,651,[9433958],9433958,9433958;30437264;38376189,9433958;30437264;38376189;10559501;12885341
377,652,[9433958],9433958,9433958;30437264;38376189,9433958;30437264;38376189;10559501;12885341
378,653,[24384587],21372171,21372171;17421851;6853699,21372171;17421851;6853699;24384587;25050364
379,654,[57574395],46266579,46266579;37450671;24989194,46266579;37450671;24989194;6961811;57574395
380,655,[57574395],46266579,46266579;37450671;24989194,46266579;37450671;24989194;57574395;6961811
381,657,[8533245],14920021,14920021;8533245;21943141,14920021;8533245;21943141;4391685;26108767
382,658,[5293024],5293024,5293024;7454794;2138767,5293024;7454794;2138767;409280;17914395
383,661,[37204802],37204802,37204802;2831620;503050,37204802;2831620;503050;3230361;27134527
384,662,[37204802],37204802,37204802;2831620;503050,37204802;2831620;503050;3230361;27134527
385,663,[22080671],25148216,25148216;22080671;7711685,25148216;22080671;7711685;8446259;2260571
386,665,[12580014],12580014,12580014;39559521;8354687,12580014;39559521;8354687;25738896;6333347
387,666,[4469125],4469125,4469125;1070920;45154987,4469125;1070920;45154987;25969485;32250572
388,667,[6493422],6493422,6493422;44724517;32101982,6493422;44724517;32101982;2316374;22997657
389,668,"[6493422, 25148216]",25148216,25148216;6493422;17708753,25148216;6493422;17708753;14386505;18489989
390,669,"[6493422, 25148216]",25148216,25148216;6493422;17708753,25148216;6493422;17708753;14386505;18489989
391,670,[5573975],5573975,5573975;25928548;39291138,5573975;25928548;39291138;8446259;21804115
392,671,[5573975],5573975,5573975;25928548;3619931,5573975;25928548;3619931;2973910;39291138
393,672,[15635366],15635366,15635366;19572798;1791637,15635366;19572798;1791637;18037805;14853989
394,673,[2095573],2095573,2095573;9814332;15360986,2095573;9814332;15360986;6540064;7662206
395,676,[857189],13398997,13398997;857189;11250124,13398997;857189;11250124;22968257;8708082
396,677,[857189],13398997,13398997;857189;11250124,13398997;857189;11250124;22968257;23985464
397,679,[13639330],4393153,4393153;15215393;4162857,4393153;15215393;4162857;23269537;25175223
398,680,[9315213],14823313,14823313;23397658;8780599,14823313;23397658;8780599;9315213;74137632
399,681,[9315213],9315213,9315213;17421851;970012,9315213;17421851;970012;23397658;4890578
400,682,[9315213],9315213,9315213;23397658;2832403,9315213;23397658;2832403;1840993;7150238
401,683,[9315213],9315213,9315213;17421851;23397658,9315213;17421851;23397658;4890578;970012
402,685,[4452659],4452659,4452659;34747208;22544171,4452659;34747208;22544171;25036988;6190603
403,686,[4452659],797114,797114;4452659;34747208,797114;4452659;34747208;37362689;24863571
404,687,[4452659],34747208,34747208;4452659;22544171,34747208;4452659;22544171;4701662;29641682
405,688,[4452659],34747208,34747208;4452659;22544171,34747208;4452659;22544171;25036988;6190603
406,689,[22080671],24766509,24766509;8891333;87430549,24766509;8891333;87430549;25985964;18953920
407,694,[1071991],1071991,1071991;27567994;2389574,1071991;27567994;2389574;17327939;37444589
408,696,[16355392],16355392,16355392;5106691;14753395,16355392;5106691;14753395;26025820;6517267
409,698,[22544171],22544171,22544171;15692098;834336,22544171;15692098;834336;14178995;34747208
410,703,[4350400],20402596,20402596;38675228;16557565,20402596;38675228;16557565;2988714;19950357
411,704,[14658685],18276599,18276599;4462139;18924534,18276599;4462139;18924534;2619579;4305576
412,705,[22442133],33912748,33912748;23388442;22442133,33912748;23388442;22442133;19278208;641459
413,709,[22442133],22442133,22442133;33912748;24269361,22442133;33912748;24269361;23388442;19278208
414,710,[22442133],33912748,33912748;23388442;22442133,33912748;23388442;22442133;19278208;641459
415,713,[18421962],2000038,2000038;6532806;28598374,2000038;6532806;28598374;23830488;15635366
416,714,[18421962],2000038,2000038;6532806;23830488,2000038;6532806;23830488;15635366;18421962
417,717,[17587795],18895793,18895793;4679264;17587795,18895793;4679264;17587795;4305576;8502193
418,724,[5531479],5531479,5531479;8396189;3495456,5531479;8396189;3495456;16128711;52925737
419,726,"[7521113, 36444198]",22406695,22406695;7521113;36444198,22406695;7521113;36444198;14492339;7489663
420,730,[13400643],13400643,13400643;3230361;8548635,13400643;3230361;8548635;7426741;2831620
421,732,[34469966],33634749,33634749;36444198;7489663,33634749;36444198;7489663;25148216;8317408
422,733,[34469966],33634749,33634749;36444198;7489663,33634749;36444198;7489663;25148216;8317408
423,734,[4961038],4961038,4961038;2272614;85665741,4961038;2272614;85665741;4920376;3684342
424,736,[5389095],5389095,5389095;39985001;10342807,5389095;39985001;10342807;22972632;24335068
425,737,"[16562534, 6609935]",4417558,4417558;6609935;1539159,4417558;6609935;1539159;3506723;15491404
426,738,"[16562534, 6609935, 33912020]",4417558,4417558;6609935;1539159,4417558;6609935;1539159;3506723;15491404
427,739,[4446814],24989194,24989194;14205246;46266579,24989194;14205246;46266579;1684489;37450671
428,740,[23078022],23078022,23078022;83308790;7046487,23078022;83308790;7046487;23305884;27093166
429,745,[11291348],11291348,11291348;12225214;29557235,11291348;12225214;29557235;6422576;44947611
430,746,[11291348],11291348,11291348;12225214;29557235,11291348;12225214;29557235;6422576;44947611
431,747,[11291348],11291348,11291348;952111;3727986,11291348;952111;3727986;12225214;29557235
432,748,[11291348],11291348,11291348;952111;3727986,11291348;952111;3727986;12225214;29557235
433,749,[13868795],36271512,36271512;40608679;22210434,36271512;40608679;22210434;23804187;33499189
434,751,[19800147],19800147,19800147;14692646;3588621,19800147;14692646;3588621;17209919;4435369
435,752,[19800147],19800147,19800147;17209919;3588621,19800147;17209919;3588621;1905095;4435369
436,753,[1173667],37248570,37248570;5710820;20999249,37248570;5710820;20999249;40900567;19824183
437,755,[17844478],27647593,27647593;5304891;10494012,27647593;5304891;10494012;87430549;22488511
438,757,[17123657],33499189,33499189;3155374;20758340,33499189;3155374;20758340;17123657;2714623
439,758,[14195528],3095620,3095620;1391126;27815697,3095620;1391126;27815697;4404433;9433958
440,760,[1805641],13948920,13948920;1805641;3929361,13948920;1805641;3929361;10617916;12409683
441,761,[10009203],1964163,1964163;980008;8698208,1964163;980008;8698208;41644178;7997337
442,762,[4695046],20188586,20188586;35087728;39059143,20188586;35087728;39059143;14395738;17779800
443,764,[7552215],4345757,4345757;15790930;28419824,4345757;15790930;28419824;24625323;25973484
444,765,[7552215],4345757,4345757;28419824;24625323,4345757;28419824;24625323;22635278;37578311
445,766,[7552215],4345757,4345757;28419824;24625323,4345757;28419824;24625323;22635278;37578311
446,767,[2488880],2488880,2488880;5558754;15984735,2488880;5558754;15984735;11630388;29253460
447,771,[15476777],7165938,7165938;15476777;2492146,7165938;15476777;2492146;20606520;37029185
448,772,[24922825],24922825,24922825;23915841;4373433,24922825;23915841;4373433;8883846;9539248
449,774,[32275758],12552297,12552297;11569583;23698769,12552297;11569583;23698769;13025574;27635177
450,776,[32275758],12552297,12552297;11569583;23698769,12552297;11569583;23698769;13025574;27635177
451,777,[32275758],12552297,12552297;11569583;23698769,12552297;11569583;23698769;13025574;27635177
452,778,[13001323],13001323,13001323;6227220;2481032,13001323;6227220;2481032;41120293;10889845
453,779,[13001323],13001323,13001323;6227220;2481032,13001323;6227220;2481032;10889845;120626
454,780,"[8246922, 24338780]",24338780,24338780;40632104;8246922,24338780;40632104;8246922;6270720;39084565
455,782,[8246922],39084565,39084565;8246922;10559501,39084565;8246922;10559501;5500086;21878751
456,787,[4740447],4740447,4740447;4393153;15419873,4740447;4393153;15419873;25014337;21186109
457,788,[4740447],4740447,4740447;4393153;15419873,4740447;4393153;15419873;8065561;25014337
458,789,[15493354],15493354,15493354;15889329;3672261,15493354;15889329;3672261;14893428;17991818
459,790,[15493354],15493354,15493354;15889329;3672261,15493354;15889329;3672261;2506153;11581157
460,791,[15984735],14566771,14566771;15984735;38369817,14566771;15984735;38369817;23627419;23785605
461,792,[3610080],3610080,3610080;17779800;20188586,3610080;17779800;20188586;3662510;35087728
462,795,[8551160],8425533,8425533;27693891;4701662,8425533;27693891;4701662;40232172;14835068
463,797,[8551160],8425533,8425533;20456030;4701662,8425533;20456030;4701662;27693891;9796495
464,798,[8551160],13780287,13780287;44572913;14767844,13780287;44572913;14767844;8425533;13458119
465,799,[5293024],5293024,5293024;7454794;2138767,5293024;7454794;2138767;409280;17914395
466,801,[22180793],22180793,22180793;4373433;36642096,22180793;4373433;36642096;19485649;17188921
467,802,[22180793],22180793,22180793;4373433;36642096,22180793;4373433;36642096;19485649;17188921
468,803,[22180793],22180793,22180793;4373433;36642096,22180793;4373433;36642096;19485649;17188921
469,804,[22180793],22180793,22180793;4373433;36642096,22180793;4373433;36642096;19485649;17188921
470,807,[36606083],36606083,36606083;25787749;8646760,36606083;25787749;8646760;36180468;31514338
471,810,[13513790],25041967,25041967;7239105;22186938,25041967;7239105;22186938;37311371;19185192
472,812,[19799455],19799455,19799455;17081238;36357627,19799455;17081238;36357627;34733465;2086909
473,813,[33387953],33387953,33387953;22036571;21551568,33387953;22036571;21551568;34016944;21164071
474,815,[8148304],8148304,8148304;23604601;9478135,8148304;23604601;9478135;711256;41599676
475,816,[8148304],8148304,8148304;23604601;9478135,8148304;23604601;9478135;711256;41599676
476,817,[17814815],17814815,17814815;25789730;9580772,17814815;25789730;9580772;47240151;13794374
477,818,[17814815],7840442,7840442;17814815;25789730,7840442;17814815;25789730;45487164;9796495
478,822,[15319019],15319019,15319019;2319305;10326242,15319019;2319305;10326242;6426919;43311750
479,825,[15319019],15319019,15319019;2319305;6426919,15319019;2319305;6426919;9505402;37205685
480,826,[4678846],140098548,140098548;4700428;24049225,140098548;4700428;24049225;22236223;26025370
481,828,[4678846],1759213,1759213;14584755;26199970,1759213;14584755;26199970;4700428;6157837
482,835,[15928989],1780819,1780819;25263942;23577867,1780819;25263942;23577867;6121668;16346504
483,838,[15928989],45166582,45166582;2423940;46202852,45166582;2423940;46202852;20330519;9814332
484,840,[15663829],68317730,68317730;3912660;2138843,68317730;3912660;2138843;20649327;198133135
485,841,[15663829],20132778,20132778;27166444;68317730,20132778;27166444;68317730;2138843;3912660
486,844,[17741440],17741440,17741440;9878167;29399239,17741440;9878167;29399239;36089763;43054703
487,846,[22696649],23901235,23901235;16863359;883747,23901235;16863359;883747;54482327;22696649
488,848,[14500725],14500725,14500725;3662510;409280,14500725;3662510;409280;72180760;6085365
489,853,[24922825],24922825,24922825;23915841;4373433,24922825;23915841;4373433;8883846;9539248
490,854,[12206390],12206390,12206390;3801693;21616324,12206390;3801693;21616324;44660616;31889025
491,855,[8190282],8190282,8190282;26105746;40867854,8190282;26105746;40867854;3272084;13843341
492,856,[43334921],53033275,53033275;52188256;22371455,53033275;52188256;22371455;25121903;22482820
493,857,[43334921],22371455,22371455;29807737;1227277,22371455;29807737;1227277;2158516;20428155
494,858,[1982286],12315072,12315072;22049489;1982286,12315072;22049489;1982286;13048272;9076196
495,860,[16066726],16066726,16066726;3475317;34615397,16066726;3475317;34615397;38830961;41913714
496,861,[16066726],16066726,16066726;3475317;34615397,16066726;3475317;34615397;38830961;41913714
497,863,"[20568364, 16361581]",16361581,16361581;16790253;17917408,16361581;16790253;17917408;16086778;20568364
498,866,[37822406],4457834,4457834;3883485;37822406,4457834;3883485;37822406;4417177;86129154
499,867,[14340571],14340571,14340571;10675756;26735018,14340571;10675756;26735018;10761515;30041895
500,871,[195689316],37029185,37029185;24625323;43192375,37029185;24625323;43192375;4345757;32421068
501,876,[195689316],37029185,37029185;24625323;32421068,37029185;24625323;32421068;25973484;4345757
502,877,[313394],3095620,3095620;6431384;313394,3095620;6431384;313394;14437255;41239107
503,881,[14803797],14803797,14803797;6327940;35962023,14803797;6327940;35962023;6793674;24273592
504,883,[14803797],14803797,14803797;6327940;35962023,14803797;6327940;35962023;33684572;6793674
505,884,[14803797],14803797,14803797;12709184;44624045,14803797;12709184;44624045;35962023;5687200
506,885,[6477536],6477536,6477536;10749308;7098463,6477536;10749308;7098463;6112053;10072941
507,886,[6477536],6477536,6477536;10749308;7098463,6477536;10749308;7098463;6112053;9754530
508,890,[2097256],18816720,18816720;8665891;3716075,18816720;8665891;3716075;17454301;15670968
509,891,[2097256],18816720,18816720;8665891;3716075,18816720;8665891;3716075;17454301;15670968
510,893,[13509809],13509809,13509809;25419778;23816832,13509809;25419778;23816832;36345185;24721866
511,894,[14724693],22505710,22505710;58050905;33912748,22505710;58050905;33912748;1044552;37562370
512,895,[18750453],36653415,36653415;18750453;25420421,36653415;18750453;25420421;24269361;42291761
513,896,[14338915],14338915,14338915;18988265;10189634,14338915;18988265;10189634;21425864;29564505
514,897,[14338915],14338915,14338915;10189634;21425864,14338915;10189634;21425864;26117607;16686383
515,898,"[13106686, 5572127]",38131471,38131471;19688024;13106686,38131471;19688024;13106686;43880096;10704438
516,899,"[13106686, 5572127]",38131471,38131471;13106686;10704438,38131471;13106686;10704438;41337677;36831892
517,900,[18678095],1917068,1917068;33912020;19957813,1917068;33912020;19957813;37362689;24554740
518,901,[6540064],6540064,6540064;33118292;7757997,6540064;33118292;7757997;46277811;11616424
519,902,[10648422],10648422,10648422;8639034;26068103,10648422;8639034;26068103;9334631;37762357
520,908,[6923961],6923961,6923961;13906892;20732789,6923961;13906892;20732789;25726838;17844478
521,909,[11254556],11254556,11254556;14188138;649951,11254556;14188138;649951;44500794;10666475
522,910,[11254556],11254556,11254556;14188138;20492020,11254556;14188138;20492020;649951;44500794
523,912,[11254556],11254556,11254556;14188138;20492020,11254556;14188138;20492020;44500794;649951
524,916,[18037805],463309,463309;10786948;19572798,463309;10786948;19572798;1791637;46153874
525,917,[34071621],34071621,34071621;16364639;15113221,34071621;16364639;15113221;15176526;34016944
526,919,[16422880],26067999,26067999;7639744;16422880,26067999;7639744;16422880;12145359;17021845
527,923,[17077004],17077004,17077004;11230569;22227889,17077004;11230569;22227889;374902;25134146
528,925,[17077004],17077004,17077004;22414304;2058909,17077004;22414304;2058909;25134146;22227889
529,926,[16390264],16390264,16390264;5641851;9167230,16390264;5641851;9167230;26611094;24408040
530,927,[16390264],16390264,16390264;5641851;9167230,16390264;5641851;9167230;26611094;24408040
531,928,[18174210],18174210,18174210;2460304;27889071,18174210;2460304;27889071;13959707;17168045
532,929,[18174210],18174210,18174210;2460304;4336849,18174210;2460304;4336849;27889071;13959707
533,930,[16056514],16056514,16056514;23816832;44830890,16056514;23816832;44830890;791050;5260382
534,933,[14711483],14711483,14711483;2360905;46743299,14711483;2360905;46743299;29947146;25098790
535,934,[8563659],8563659,8563659;28821565;22227889,8563659;28821565;22227889;24082820;374902
536,935,[5483793],5483793,5483793;20155713;28647122,5483793;20155713;28647122;301838;19510470
537,938,[26231129],18682109,18682109;6421792;17163294,18682109;6421792;17163294;87430549;26973393
538,939,[26231129],9929089,9929089;25515662;25895285,9929089;25515662;25895285;16494316;2272614
539,940,[12258338],12258338,12258338;31612088;29845974,12258338;31612088;29845974;38799797;21260231
540,941,[12258338],12258338,12258338;31612088;29845974,12258338;31612088;29845974;38799797;13843341
541,942,[11527199],21203899,21203899;26105746;16737210,21203899;26105746;16737210;9056874;11527199
542,944,[1642727],1642727,1642727;13083189;10010651,1642727;13083189;10010651;6647414;26107000
543,945,"[8428935, 26112696, 4463588, 13083189]",18537148,18537148;13083189;26107000,18537148;13083189;26107000;4449524;20334484
544,946,"[8428935, 26112696, 4463588, 13083189]",18537148,18537148;13083189;26107000,18537148;13083189;26107000;4449524;20334484
545,949,[13578199],13083189,13083189;10010651;18895793,13083189;10010651;18895793;6153754;27076725
546,951,[21414718],21414718,21414718;26047921;18041692,21414718;26047921;18041692;4422723;10485142
547,952,[3355397],3355397,3355397;24581365;8512633,3355397;24581365;8512633;12009265;31229233
548,953,[3355397],3355397,3355397;27270151;9831859,3355397;27270151;9831859;31229233;4959368
549,954,[3355397],3355397,3355397;24581365;8512633,3355397;24581365;8512633;12009265;31229233
550,955,"[2078658, 30507607]",22937815,22937815;4896726;9732010,22937815;4896726;9732010;11011905;23208167
551,959,[8780599],8780599,8780599;6525844;25355575,8780599;6525844;25355575;202259;43128141
552,962,"[13931771, 935538, 4306711]",13931771,13931771;20018321;935538,13931771;20018321;935538;797114;27693891
553,963,"[4162857, 29828242]",4162857,4162857;7860396;29828242,4162857;7860396;29828242;13384318;21330280
554,964,"[4162857, 29828242]",4162857,4162857;7860396;29828242,4162857;7860396;29828242;13384318;21330280
555,965,[40817021],25822299,25822299;32322418;40817021,25822299;32322418;40817021;2820454;37029185
556,969,"[19356271, 17368516]",17368516,17368516;15077696;9379687,17368516;15077696;9379687;41314611;11922370
557,970,"[19356271, 17368516]",17368516,17368516;15077696;9379687,17368516;15077696;9379687;41314611;11922370
558,972,"[46695481, 27873158, 28617573, 9764256]",829646,829646;27446873;23136735,829646;27446873;23136735;46695481;6561200
559,973,"[27446873, 27873158, 28617573, 9764256]",829646,829646;6561200;27446873,829646;6561200;27446873;27873158;23136735
560,976,[5304891],29509926,29509926;3475317;25315295,29509926;3475317;25315295;34378726;4454788
561,977,"[14075252, 39264456]",25315295,25315295;29509926;25726838,25315295;29509926;25726838;8702697;3475317
562,978,[14075252],25315295,25315295;29509926;25726838,25315295;29509926;25726838;8702697;3475317
563,979,[11659421],11659421,11659421;19912367;1848452,11659421;19912367;1848452;87430549;8891333
564,980,[20128547],6153754,6153754;2335873;20128547,6153754;2335873;20128547;4447055;41822527
565,984,[6828370],6828370,6828370;16364639;16201748,6828370;16364639;16201748;15113221;34016944
566,988,[3033830],1383826,1383826;16929739;3153673,1383826;16929739;3153673;8126244;5271210
567,989,[9988425],16375102,16375102;14460402;39532074,16375102;14460402;39532074;9988425;4423559
568,990,[16472469],16472469,16472469;4444861;4899981,16472469;4444861;4899981;15600979;4319844
569,992,[16472469],16472469,16472469;4418878;7622767,16472469;4418878;7622767;23634484;14145440
570,994,[16472469],16472469,16472469;6710699;12086599,16472469;6710699;12086599;13791206;19522248
571,996,[16472469],49432306,49432306;5273056;38131471,49432306;5273056;38131471;16472469;12909503
572,997,[16472469],1941721,1941721;27635177;21793890,1941721;27635177;21793890;44172171;30122260
573,998,[16472469],1941721,1941721;27635177;21793890,1941721;27635177;21793890;30122260;4444861
574,999,[16472469],16472469,16472469;6710699;12086599,16472469;6710699;12086599;13791206;19522248
575,1000,[16472469],26118532,26118532;25842866;6386930,26118532;25842866;6386930;26607366;4319844
576,1001,[5702790],5702790,5702790;8006440;86602746,5702790;8006440;86602746;116075383;32556431
577,1002,[13639330],24624992,24624992;8210189;13011249,24624992;8210189;13011249;4396105;4662264
578,1003,"[14332945, 4319844, 4899981]",14332945,14332945;8577229;4401289,14332945;8577229;4401289;4899981;7151961
579,1004,"[301838, 2734421, 3952288]",3952288,3952288;20155713;39128592,3952288;20155713;39128592;301838;2734421
580,1005,"[301838, 2734421, 3952288]",3952288,3952288;20155713;39128592,3952288;20155713;39128592;301838;2734421
581,1006,[4926049],4926049,4926049;7848113;40721190,4926049;7848113;40721190;36816310;12922760
582,1008,[2547636],38037690,38037690;12580014;14105446,38037690;12580014;14105446;4380287;19343151
583,1009,[1982286],1982286,1982286;12315072;22049489,1982286;12315072;22049489;13048272;8385277
584,1011,[9745001],9745001,9745001;26026009;6751418,9745001;26026009;6751418;43122426;21551568
585,1015,[6277638],6277638,6277638;1974176;797114,6277638;1974176;797114;2266471;1227277
586,1016,[6277638],6277638,6277638;1974176;2266471,6277638;1974176;2266471;15615957;1227277
587,1018,[11603066],1225513,1225513;11603066;39859981,1225513;11603066;39859981;25515662;19752008
588,1023,[16927286],16927286,16927286;23342686;39729277,16927286;23342686;39729277;30261663;9505448
589,1025,[32408470],4854076,4854076;18450716;39187170,4854076;18450716;39187170;9178310;52865789
590,1026,[3113630],3113630,3113630;22185730;29806339,3113630;22185730;29806339;665817;16605494
591,1027,[3113630],3113630,3113630;22185730;24721866,3113630;22185730;24721866;16686383;29806339
592,1028,"[13923140, 11899391]",13923140,13923140;33535222;11899391,13923140;33535222;11899391;25571386;5567005
593,1030,[6441369],6441369,6441369;4462419;23418635,6441369;4462419;23418635;3174305;1630949
594,1031,[12486491],12486491,12486491;11578459;18987782,12486491;11578459;18987782;22358449;24863571
595,1032,[6836086],24541180,24541180;5914739;1320137,24541180;5914739;1320137;8903143;22023404
596,1033,[6836086],24541180,24541180;5914739;1320137,24541180;5914739;1320137;8903143;22023404
597,1034,[4547102],15803282,15803282;4547102;8185080,15803282;4547102;8185080;37822406;12100854
598,1035,[4547102],15803282,15803282;4547102;8185080,15803282;4547102;8185080;37822406;12100854
599,1036,[4547102],15803282,15803282;8185080;37822406,15803282;8185080;37822406;86129154;14225271
600,1037,[16287725],16287725,16287725;9675944;8290760,16287725;9675944;8290760;6054657;42106119
601,1038,[16287725],16287725,16287725;9675944;1630949,16287725;9675944;1630949;8290760;6054657
602,1040,"[25254425, 16626264]",9451052,9451052;5966635;15778034,9451052;5966635;15778034;25254425;18038955
603,1042,[17421851],17421851,17421851;25050364;13108582,17421851;25050364;13108582;7711685;1855679
604,1043,[17671145],17671145,17671145;22180793;14131683,17671145;22180793;14131683;14116046;25830701
605,1044,[22500262],22500262,22500262;11565780;4587978,22500262;11565780;4587978;4999633;14471161
606,1045,[22500262],22500262,22500262;11565780;13277039,22500262;11565780;13277039;4587978;4999633
607,1046,"[418246, 4324278, 16712164]",12486491,12486491;13915464;36904081,12486491;13915464;36904081;15893330;22482024
608,1047,[14706752],368506,368506;14706752;2543135,368506;14706752;2543135;41913714;18956141
609,1048,[12486491],24737389,24737389;23460562;24450344,24737389;23460562;24450344;4380287;4928282
610,1050,[19878070],26000593,26000593;19878070;11246427,26000593;19878070;11246427;16812091;4687948
611,1052,[18816720],2097256,2097256;129199129;3716075,2097256;129199129;3716075;17454301;6766459
612,1053,[18816720],2097256,2097256;129199129;3716075,2097256;129199129;3716075;17454301;4810810
613,1054,[10072941],10072941,10072941;11939159;32463364,10072941;11939159;32463364;6793674;16760369
614,1055,[13906581],13906581,13906581;16495649;36003142,13906581;16495649;36003142;19464037;14021596
615,1056,[4200695],4200695,4200695;42950029;44586415,4200695;42950029;44586415;38493521;7198295
616,1058,[13027590],13027590,13027590;37731372;36721932,13027590;37731372;36721932;13223957;3190689
617,1065,[20418809],20418809,20418809;16660256;20186814,20418809;16660256;20186814;12411274;4326318
618,1067,[4429668],15659108,15659108;799586;16217855,15659108;799586;16217855;15305881;1914588
619,1068,[4429668],15659108,15659108;799586;16217855,15659108;799586;16217855;15305881;29098525
620,1069,[4200695],4200695,4200695;7198295;53779698,4200695;7198295;53779698;17691617;17097974
621,1070,[25649714],154243324,154243324;31019903;33135135,154243324;31019903;33135135;4463588;2242416
622,1072,[4824840],4824840,4824840;5596332;3776162,4824840;5596332;3776162;11459139;2647374
623,1073,[4824840],4824840,4824840;5596332;3776162,4824840;5596332;3776162;11459139;2647374
624,1074,[14658685],13759726,13759726;4392608;28193026,13759726;4392608;28193026;16167746;23244529
625,1075,[14658685],4392608,4392608;13759726;28193026,4392608;13759726;28193026;16167746;23244529
626,1081,[5691302],5691302,5691302;13831842;1428840,5691302;13831842;1428840;36003142;25973484
627,1084,[5691302],5691302,5691302;32328114;14566771,5691302;32328114;14566771;23627419;8595678
628,1085,[5691302],32159283,32159283;5691302;34873974,32159283;5691302;34873974;43629704;5884524
629,1087,[39281140],39281140,39281140;5691302;6112053,39281140;5691302;6112053;5850219;3981244
630,1090,[17628888],17628888,17628888;21948782;23577014,17628888;21948782;23577014;7645565;7915836
631,1091,[2603304],2603304,2603304;21719289;8144920,2603304;21719289;8144920;11020556;15425958
632,1096,[29638116],86129154,86129154;4417177;4457834,86129154;4417177;4457834;28386343;3583084
633,1097,[26851674],18038250,18038250;18489989;26851674,18038250;18489989;26851674;4662264;39291138
634,1098,[13552682],17077004,17077004;15327601;22153455,17077004;15327601;22153455;410286;4896726
635,1101,[3874000],31311495,31311495;3874000;43661837,31311495;3874000;43661837;2682997;29689140
636,1102,[3874000],31311495,31311495;3874000;43661837,31311495;3874000;43661837;2682997;29689140
637,1103,[3898784],3898784,3898784;14021596;20554003,3898784;14021596;20554003;32328114;14566771
638,1105,[6710713],6710713,6710713;17374970;38664102,6710713;17374970;38664102;28017005;12789595
639,1106,[6710713],6710713,6710713;17374970;38664102,6710713;17374970;38664102;28017005;11624482
640,1109,"[13770184, 8582337]",43128141,43128141;49429882;52188256,43128141;49429882;52188256;11630388;31562330
641,1111,[1686881],23117378,23117378;21050357;6636088,23117378;21050357;6636088;35724562;2032877
642,1112,[1686881],23117378,23117378;21616324;21050357,23117378;21616324;21050357;44660616;1686881
643,1114,[12824568],12824568,12824568;27588420;37699461,12824568;27588420;37699461;11041152;4321295
644,1115,[44048701],44048701,44048701;19182166;11246427,44048701;19182166;11246427;26000593;40343416
645,1118,[23351136],20829129,20829129;718601;23351136,20829129;718601;23351136;12943966;28633594
646,1119,"[5323845, 18997216, 13907928]",5323845,5323845;26710772;18997216,5323845;26710772;18997216;13907928;8596837
647,1120,"[5323845, 18997216, 13907928]",5323845,5323845;26710772;18997216,5323845;26710772;18997216;13907928;8596837
648,1125,[21009874],21009874,21009874;52188256;9646449,21009874;52188256;9646449;12236208;9056874
649,1126,[21009874],21009874,21009874;9056874;52188256,21009874;9056874;52188256;12236208;9646449
650,1127,[27466734],28149602,28149602;28015516;27466734,28149602;28015516;27466734;5448119;5698494
651,1128,"[33499189, 9283422]",41982985,41982985;6936141;4389252,41982985;6936141;4389252;2714623;33499189
652,1133,[24142891],24142891,24142891;16389141;19756935,24142891;16389141;19756935;27588420;25510546
653,1134,[33370],11578459,11578459;22901758;6948886,11578459;22901758;6948886;18600579;9737083
654,1135,[33370],6923961,6923961;18600579;11578459,6923961;18600579;11578459;22901758;6948886
655,1136,[33370],11578459,11578459;22901758;6948886,11578459;22901758;6948886;18600579;6517763
656,1138,[6796297],3531388,3531388;25915873;39776978,3531388;25915873;39776978;38793927;10795340
657,1139,[12009265],24581365,24581365;12009265;8512633,24581365;12009265;8512633;25513319;22180793
658,1141,[12009265],12009265,12009265;24581365;8512633,12009265;24581365;8512633;25513319;22180793
659,1142,[5260382],5260382,5260382;9194077;10207180,5260382;9194077;10207180;4407385;15347087
660,1145,[10071552],9822397,9822397;10071552;33960383,9822397;10071552;33960383;12224536;3770750
661,1148,[4828631],19205326,19205326;4828631;43629704,19205326;4828631;43629704;22922353;40949706
662,1153,[7370282],7370282,7370282;188911;3506723,7370282;188911;3506723;5700349;1539159
663,1156,[12584053],40949706,40949706;22922353;38752049,40949706;22922353;38752049;7098463;35495268
664,1157,[12584053],27188320,27188320;33667484;44265107,27188320;33667484;44265107;12584053;15966318
665,1158,[12584053],12584053,12584053;2787558;1456068,12584053;2787558;1456068;21767325;35495268
666,1159,[12584053],40949706,40949706;38752049;22922353,40949706;38752049;22922353;7098463;35495268
667,1161,[13048272],11902109,11902109;4366738;3360421,11902109;4366738;3360421;4417177;3848469
668,1162,[15305881],15305881,15305881;29877890;38300781,15305881;29877890;38300781;2380002;29460384
669,1164,[4455466],4312169,4312169;17775228;12887068,4312169;17775228;12887068;29877890;406733
670,1165,[4455466],4312169,4312169;17775228;12887068,4312169;17775228;12887068;29877890;406733
671,1166,[9889151],9889151,9889151;9451052;5966635,9889151;9451052;5966635;8411251;18038955
672,1168,[8563659],8563659,8563659;5735492;40584205,8563659;5735492;40584205;12966719;46355579
673,1169,[4319174],29381091,29381091;14865329;4319174,29381091;14865329;4319174;4854076;52865789
674,1170,[18956141],18956141,18956141;83308790;7046487,18956141;83308790;7046487;23305884;23078022
675,1171,[18956141],18956141,18956141;83308790;7046487,18956141;83308790;7046487;23305884;23078022
676,1173,[7370282],7370282,7370282;12885341;8563659,7370282;12885341;8563659;2603304;6767271
677,1174,[31272411],38899659,38899659;16058322;10627801,38899659;16058322;10627801;15419873;2566674
678,1176,[13910150],13910150,13910150;13955536;4423327,13910150;13955536;4423327;1649738;2541699
679,1177,[13910150],13910150,13910150;13955536;4423327,13910150;13955536;4423327;1649738;2541699
680,1178,[31272411],612002,612002;16058322;22191759,612002;16058322;22191759;6144337;10627801
681,1181,"[301838, 2734421, 39128592, 3952288]",3952288,3952288;39128592;2734421,3952288;39128592;2734421;301838;20155713
682,1182,[14541844],8909176,8909176;14541844;13613916,8909176;14541844;13613916;32712381;1631583
683,1183,[1967017],1967017,1967017;40367499;22067786,1967017;40367499;22067786;36242796;23932173
684,1184,[16737210],41774099,41774099;16737210;21859699,41774099;16737210;21859699;26025820;20491205
685,1186,[7485455],30844602,30844602;6173523;21495419,30844602;6173523;21495419;4432763;25811797
686,1188,[4394817],7688110,7688110;25251625;4394817,7688110;25251625;4394817;502591;41710132
687,1190,[30655442],7211056,7211056;14482051;11498670,7211056;14482051;11498670;86704258;5252837
688,1193,[20532591],20532591,20532591;14865329;39187170,20532591;14865329;39187170;19205437;36558211
689,1195,[26283293],26283293,26283293;47240151;17123657,26283293;47240151;17123657;23938319;13583521
690,1205,[5558754],5558754,5558754;20127522;25028913,5558754;20127522;25028913;33835579;13083189
691,1206,[18909530],735130,735130;18909530;40090058,735130;18909530;40090058;46277811;27061085
692,1208,[10284593],2389574,2389574;2291922;1071991,2389574;2291922;1071991;17327939;42065070
693,1209,[4347374],2638387,2638387;4231060;544971,2638387;4231060;544971;32556431;44366096
694,1210,[4928282],4928282,4928282;5304891;25315295,4928282;5304891;25315295;35764259;13636631
695,1211,[4928282],4928282,4928282;5304891;25315295,4928282;5304891;25315295;35764259;13636631
696,1212,"[6493422, 44724517]",36444198,36444198;25499612;7489663,36444198;25499612;7489663;8317408;7521113
697,1214,"[6493422, 14407673]",36444198,36444198;7489663;4418878,36444198;7489663;4418878;14492339;7948486
698,1215,[16355392],16355392,16355392;14753395;6517267,16355392;14753395;6517267;5106691;26025820
699,1218,[15635366],3829232,3829232;26996935;15635366,3829232;26996935;15635366;13921783;3512154
700,1219,"[9393969, 14864285]",9393969,9393969;1576955;14864285,9393969;1576955;14864285;14544564;16267205
701,1220,[13023410],8247597,8247597;5765455;10993232,8247597;5765455;10993232;1941721;4391121
702,1223,[5289038],15889329,15889329;6501747;26474812,15889329;6501747;26474812;11581157;5289038
703,1224,"[21932050, 34016987]",26873988,26873988;21932050;26133404,26873988;21932050;26133404;30933307;7224723
704,1227,[25641414],25641414,25641414;881332;13097856,25641414;881332;13097856;7662395;25806385
705,1228,[25641414],25641414,25641414;881332;13097856,25641414;881332;13097856;7662395;25806385
706,1229,[1676568],13007205,13007205;1676568;22505710,13007205;1676568;22505710;6969753;3093512
707,1230,[13905670],13905670,13905670;25315295;29509926,13905670;25315295;29509926;12443371;28937856
708,1231,[13905670],13905670,13905670;2844490;4427060,13905670;2844490;4427060;26735018;5922085
709,1234,[13905670],8639034,8639034;26068103;9334631,8639034;26068103;9334631;13905670;854417
710,1235,[17973161],29381091,29381091;14865329;4854076,29381091;14865329;4854076;38023457;4319174
711,1236,[17973161],29381091,29381091;14865329;4854076,29381091;14865329;4854076;38023457;4319174
712,1237,[3654468],3654468,3654468;11939159;15968271,3654468;11939159;15968271;5698494;37628989
713,1238,[3654468],3654468,3654468;37628989;15968271,3654468;37628989;15968271;17591478;70516463
714,1239,"[21387297, 4427392]",6148876,6148876;5002665;4020950,6148876;5002665;4020950;13777138;26899920
715,1244,[18949516],18949516,18949516;4388082;4457834,18949516;4388082;4457834;36178047;12821938
716,1246,[7662395],39593548,39593548;27099731;8906858,39593548;27099731;8906858;17877537;29107210
717,1247,[5114282],36606083,36606083;8250852;19974105,36606083;8250852;19974105;164189;22406695
718,1248,[7209559],7209559,7209559;11246427;18537148,7209559;11246427;18537148;44572913;14103509
719,1249,[7209559],7209559,7209559;11246427;14103509,7209559;11246427;14103509;16812091;26000593
720,1253,[3321943],12827098,12827098;2192419;4928057,12827098;2192419;4928057;25068298;22406695
721,1254,[16939583],23036207,23036207;4423559;8502193,23036207;4423559;8502193;28193026;35008773
722,1255,[16939583],23036207,23036207;11902109;16939583,23036207;11902109;16939583;6913227;9047718
723,1257,[581832],25451374,25451374;14319754;14682243,25451374;14319754;14682243;24273592;1215116
724,1258,[12040627],14191255,14191255;5448119;11532028,14191255;5448119;11532028;32181055;36547290
725,1260,[24341590],12438901,12438901;313403;13069283,12438901;313403;13069283;17163294;24341590
726,1261,[13023410],8247597,8247597;5765455;10993232,8247597;5765455;10993232;1941721;13023410
727,1263,[3981729],3981729,3981729;46816158;19099739,3981729;46816158;19099739;3893473;23895668
728,1265,[37480103],37480103,37480103;13831842;2140497,37480103;13831842;2140497;13831558;4886637
729,1268,[52072815],52072815,52072815;46437558;26456326,52072815;46437558;26456326;20526907;5939172
730,1269,[13900610],13900610,13900610;20491205;14843502,13900610;20491205;14843502;34227917;43855756
731,1275,[27731651],4406819,4406819;27731651;7145763,4406819;27731651;7145763;22632303;7481159
732,1276,[3475317],3475317,3475317;34615397;16066726,3475317;34615397;16066726;7735859;5377059
733,1284,[3578380],3578380,3578380;32421068;2492146,3578380;32421068;2492146;11939159;583260
734,1288,[4687948],4687948,4687948;16812091;1522336,4687948;16812091;1522336;7454794;22420524
735,1289,[21239672],21239672,21239672;16511863;28264919,21239672;16511863;28264919;15925931;27550580
736,1291,[56893404],17656445,17656445;4886637;56893404,17656445;4886637;56893404;17324544;2138843
737,1293,[43329366],43329366,43329366;380526;17625068,43329366;380526;17625068;41264017;1428840
738,1294,"[2078658, 30507607]",22937815,22937815;4896726;9732010,22937815;4896726;9732010;11011905;23208167
739,1295,[21239672],21239672,21239672;16511863;28264919,21239672;16511863;28264919;15925931;27550580
740,1297,[9167230],9167230,9167230;3716075;13770184,9167230;3716075;13770184;5558754;42291761
741,1300,[6421792],1373287,1373287;19497526;14402338,1373287;19497526;14402338;3270834;4391121
742,1302,[12631697],4460880,4460880;37673301;43566999,4460880;37673301;43566999;4164929;12631697
743,1304,[12631697],4460880,4460880;37673301;37438296,4460880;37673301;37438296;43566999;12631697
744,1305,[12631697],12631697,12631697;37673301;37438296,12631697;37673301;37438296;43566999;20186814
745,1306,"[6000423, 5836]",32927401,32927401;23273454;14644164,32927401;23273454;14644164;17023584;21498497
746,1307,[18231807],18231807,18231807;1574014;25842866,18231807;1574014;25842866;8494570;34016944
747,1308,[18231807],6212802,6212802;2734421;6270720,6212802;2734421;6270720;23195674;14644164
748,1309,[18231807],18231807,18231807;1574014;25842866,18231807;1574014;25842866;8494570;10906636
749,1310,[8042158],12956194,12956194;3610282;32909242,12956194;3610282;32909242;29495185;8042158
750,1311,[13763195],14050257,14050257;9655347;515489,14050257;9655347;515489;18924534;5519177
751,1312,[24177706],49208216,49208216;29509926;25315295,49208216;29509926;25315295;24177706;40754510
752,1314,"[13072112, 16237005]",14082855,14082855;8712839;13907928,14082855;8712839;13907928;17539488;18694784
753,1315,"[13072112, 16237005]",13907928,13907928;14082855;8712839,13907928;14082855;8712839;30101891;17539488
754,1322,[16284655],16284655,16284655;37699461;19511011,16284655;37699461;19511011;16939583;11902109
755,1323,[19912367],19912367,19912367;6334188;20418809,19912367;6334188;20418809;13915464;4326318
756,1324,[19912367],19912367,19912367;6334188;4326318,19912367;6334188;4326318;13915464;20418809
757,1325,[40476126],30041895,30041895;23260700;19546104,30041895;23260700;19546104;9197092;6121668
758,1327,"[24241932, 22194407]",24241932,24241932;33835579;4883040,24241932;33835579;4883040;35079452;31363207
759,1328,[3475317],3475317,3475317;16066726;34615397,3475317;16066726;34615397;41120293;5377059
760,1330,[14075252],25315295,25315295;29509926;25726838,25315295;29509926;25726838;8702697;3475317
761,1331,[14075252],25315295,25315295;29509926;25726838,25315295;29509926;25726838;8702697;3475317
762,1333,[1649738],1649738,1649738;11238951;2360905,1649738;11238951;2360905;15081770;1153655
763,1334,"[13923140, 13940200, 11899391]",266641,266641;25571386;32534305,266641;25571386;32534305;1974176;6123924
764,1340,[15482274],15482274,15482274;84580585;25806385,15482274;84580585;25806385;52874170;17911973
765,1341,[15482274],15482274,15482274;25806385;52874170,15482274;25806385;52874170;17911973;1944452
766,1342,[8148122],4037034,4037034;8759633;8148122,4037034;8759633;8148122;27840664;4767806
767,1345,[9559146],42489926,42489926;11903247;43880096,42489926;11903247;43880096;7225911;37204802
768,1346,[9505402],22401720,22401720;9929089;34066665,22401720;9929089;34066665;9505402;5406411
769,1347,[19005293],19005293,19005293;24879055;3835423,19005293;24879055;3835423;8300657;21878751
770,1348,[19005293],19005293,19005293;24879055;3835423,19005293;24879055;3835423;8300657;12966719
771,1349,[5377642],5377642,5377642;3870062;3981033,5377642;3870062;3981033;17844478;10648422
772,1350,[5377642],5377642,5377642;3870062;17844478,5377642;3870062;17844478;10648422;20261352
773,1351,[28369117],28369117,28369117;16090672;21598000,28369117;16090672;21598000;7925817;15426878
774,1353,[18816720],2097256,2097256;41264017;3716075,2097256;41264017;3716075;13179318;17454301
775,1355,[5256564],24185667,24185667;25251625;5256564,24185667;25251625;5256564;27665523;32922179
776,1356,[13764090],13764090,13764090;2264455;10675756,13764090;2264455;10675756;24190159;26735018
777,1360,[11614737],11614737,11614737;5114940;24019260,11614737;5114940;24019260;34369306;13814480
778,1361,"[15488881, 15058155]",15488881,15488881;15058155;18041692,15488881;15058155;18041692;26297042;38587347
779,1364,[8290953],1122279,1122279;23513718;79447,1122279;23513718;79447;8290953;16626846
780,1366,[4406819],4406819,4406819;15482274;16736883,4406819;15482274;16736883;38300781;8246090
781,1367,[2425364],17450673,17450673;23267371;21380348,17450673;23267371;21380348;5487448;30720103
782,1371,[16256507],16256507,16256507;23267371;44572913,16256507;23267371;44572913;13780287;21553394
783,1372,[21003930],21003930,21003930;2248870;21287352,21003930;2248870;21287352;20606520;1800734
784,1373,[21003930],21003930,21003930;2248870;21287352,21003930;2248870;21287352;20606520;1800734
785,1374,[21993510],21623140,21623140;4857093;21993510,21623140;4857093;21993510;23245050;9244474
786,1375,[21993510],21623140,21623140;4857093;21993510,21623140;4857093;21993510;2659805;23245050
787,1376,[3944632],23639838,23639838;19408393;22509015,23639838;19408393;22509015;3944632;1389264
788,1378,[2488880],29253460,29253460;2488880;12561083,29253460;2488880;12561083;15984735;5558754
789,1380,"[16322674, 23557241, 17450673]",17450673,17450673;37480103;16322674,17450673;37480103;16322674;5487448;32534305
790,1381,[13481880],11535539,11535539;13481880;1387654,11535539;13481880;1387654;42782688;1727042
791,1383,[17755060],9483851,9483851;3831884;4430962,9483851;3831884;4430962;1344498;35543846
792,1386,[306006],306006,306006;9283422;12265561,306006;9283422;12265561;13639330;994800
793,1387,[9669099],6896063,6896063;25419778;35543846,6896063;25419778;35543846;15521377;17412260
794,1390,[2890952],2890952,2890952;13552682;34498325,2890952;13552682;34498325;152245;16929739
795,1391,[6766459],6766459,6766459;53211308;23126677,6766459;53211308;23126677;28704738;129199129
796,1392,[6766459],6766459,6766459;53211308;23126677,6766459;53211308;23126677;25523969;14362780
797,1393,"[2000038, 12440953]",8006440,8006440;86602746;32556431,8006440;86602746;32556431;23727313;8247469
798,1394,[2251426],8006440,8006440;2619579;23727313,8006440;2619579;23727313;86602746;32556431
799,1397,[17717391],19343151,19343151;18218379;26008462,19343151;18218379;26008462;13923069;6308416
800,1398,[17717391],19343151,19343151;18218379;7506409,19343151;18218379;7506409;6969753;4452659
801,1400,[14706752],368506,368506;14706752;25251625,368506;14706752;25251625;2543135;11630388
802,1401,[5185871],3878434,3878434;5185871;27054878,3878434;5185871;27054878;39059143;26314743
803,1402,[8126244],20524091,20524091;8411251;29877890,20524091;8411251;29877890;37164306;20781656
804,1403,"[33370, 38355793]",33370,33370;38355793;45764440,33370;38355793;45764440;40412980;7986878
805,1404,"[33370, 38355793]",38355793,38355793;33370;45764440,38355793;33370;45764440;40412980;7986878
806,1405,[10504681],20402596,20402596;10504681;38675228,20402596;10504681;38675228;5849439;14926162
807,1406,[2617858],2617858,2617858;4465762;4857085,2617858;4465762;4857085;10577574;13963620
808,1407,"[8087082, 29863668]",3801693,3801693;16090672;4820792,3801693;16090672;4820792;30224907;7549811
